model,onnx_path,batch_size,mean_latency_ms,median_latency_ms,p95_latency_ms,throughput_img_per_sec,model_size_mb
baseline_onnx,models\vit_smartcampus.onnx,1,12.476706665862972,12.002350005786866,15.617989999009284,80.14935565777633,42.63574981689453
baseline_onnx,models\vit_smartcampus.onnx,4,48.93407999916235,47.61000000144122,54.008904999500366,81.74262191234558,42.63574981689453
baseline_onnx,models\vit_smartcampus.onnx,8,98.5225499990823,97.19274999224581,108.13989000234868,81.19968474298032,42.63574981689453
quantized_int8,models\vit_smartcampus_dynamic_int8.onnx,1,12.673693333636038,12.04054999834625,15.685269998357397,78.90359768655563,42.632615089416504
quantized_int8,models\vit_smartcampus_dynamic_int8.onnx,4,50.0847500001934,48.6547500040615,58.02529000575304,79.86462945276864,42.632615089416504
quantized_int8,models\vit_smartcampus_dynamic_int8.onnx,8,99.08879666618304,98.03539999847999,108.46801499792491,80.73566608090856,42.632615089416504
